{"spot_diameter_fullres": 16.43803737702927, "tissue_hires_scalef": 0.99304867, "fiducial_diameter_fullres": 26.55375268597036, "tissue_lowres_scalef": 0.2979146}