{"spot_diameter_fullres": 176.54829999999995, "tissue_hires_scalef": 0.048109304, "fiducial_diameter_fullres": 285.1934000000001, "tissue_lowres_scalef": 0.014432792}